Neighborhood,School_Name
Bloomington Heights,Gilbert
Bluestem,Edwards
Briardale,Fellows
Brookside,Meeker
Clear Creek,Gilbert
College Creek,Edwards
Crawford,Edwards
Edwards,Edwards
Gilbert,Gilbert
Iowa DOT and Rail Road,Mitchell
Meadow Village,Mitchell
Mitchell,Mitchell
North Ames,Fellows
Northpark Villa,Fellows
Northridge,Fellows
Northridge Heights,Gilbert
Northwest Ames,Fellows
Old Town,Meeker
Sawyer,Sawyer
Sawyer West,Sawyer
Somerset,Fellows
South & West of Iowa State,Edwards
Stone Brook,Gilbert
Timberland,Mitchell
Veenker,Fellows